Instructor_ID,Fisrt_Name,Last_Name,Birth_Date,Gender,City,Email,Password
1,Ahmed,Hassan,1/1/1965,Male,Cairo,Ahmed Hassan@gmail.com,Edyc6EC8!&
2,Hany,Magdy,3/18/1973,Male,Mansoura,Hany Magdy@gmail.com,dE3kDr4PZa
3,Reham,Saleh,10/15/1970,Female,Cairo,Reham Saleh@gmail.com,zeIxilI
4,Yasmin,Mohamed,9/14/1963,Female,Alex,Yasmin Mohamed@gmail.com,o45xIBmzV!
5,Amany,Moahmed,8/19/1972,Female,Alex,Amany Moahmed@gmail.com,dd4MZuSK
6,Eman,Farouk,6/4/1980,Female,Cairo,Eman Farouk@gmail.com,OmvubLDuy
7,Saly,Hussien,12/6/1982,Female,Alex,Saly Hussien@gmail.com,2i5FibH!nL
8,Amr,Fars,1/2/1975,Male,Cairo,Amr Fars@gmail.com,z2lu2sc06
9,Hussien,Ahmed,8/19/1972,Male,Mansoura,Hussien Ahmed@gmail.com,zjTsPlsqh
10,Khalid,Ali,6/4/1985,Male,sohag,Khalid Ali@gmail.com,R4B58TNW5
11,Salah,Ahmed,12/6/1992,Male,luxor,Salah Ahmed@gmail.com,DQ@NwFtV
12,Adel,Omar,1/2/1995,Male,qena,Adel Omar@gmail.com,2JRRjEYhWQ
13,Fakry,Hussien,8/19/1982,Male,Cairo,Fakry Hussien@gmail.com,ZbF#0j$6
14,Amena,Saleh,6/4/1990,Female,Alex,Amena Saleh@gmail.com,VX1WL3@w
15,Ghada,sayed,12/6/1997,Female,Alex,Ghada sayed@gmail.com,BlDc!pVX
